Variable,VIF
cpi_score_lag6,3.5413192498588706
gepu,3.5413192498588706
