bp_lm_stat,bp_lm_pvalue,bp_f_stat,bp_f_pvalue,heteroskedasticity_detected_at_5pct
8.245210024402704,0.04120668156090836,2.8102166041551437,0.04069469995128166,True
