Variable,VIF
cpi_score_lag3,7.223694286793668
crime_index,6.473696173749372
gepu,3.728647581270853
