bp_lm_stat,bp_lm_pvalue,bp_f_stat,bp_f_pvalue,heteroskedasticity_detected_at_5pct
7.413015429156883,0.024563155207880383,3.8327308517777032,0.024062167111274287,True
