Variable,VIF
cpi_score_lag1,7.180206574470785
crime_index,6.561527721082518
gepu,3.733327420031371
