bp_lm_stat,bp_lm_pvalue,bp_f_stat,bp_f_pvalue,heteroskedasticity_detected_at_5pct
7.563050792434142,0.05596034804465159,2.560167169707477,0.055717833427617484,False
