model,nobs,r2_within,r2_between,r2_overall,f_stat,f_pvalue
FE_clustered,137,0.013319479194036088,0.8064377082069776,0.6702623601234676,1.02752658763797,0.36133119553388027
FE_unclustered,137,0.013319479194036088,0.8064377082069776,0.6702623601234676,1.02752658763797,0.36133119553388027
