model,nobs,r2_within,r2_between,r2_overall,f_stat,f_pvalue
FE_clustered,237,0.014940243616726079,-1.0373602806313542,-0.8965844343972553,1.7114541961449554,0.1831857526232752
FE_unclustered,237,0.014940243616726079,-1.0373602806313542,-0.8965844343972553,1.7114541961449554,0.1831857526232752
