feature,importance
gepu,0.47956109339280434
cpi_score_lag1,0.38127735812066077
crime_index,0.1391615484865349
