model,test_rmse,test_r2,train_n,test_n
OLS,15.27298627318917,-0.03242459400244013,160,37
RandomForest,15.312976755137964,-0.03783823205381598,160,37
