model,test_rmse,test_r2,train_n,test_n
OLS,15.424644497514231,-0.05303000320671858,200,37
RandomForest,14.638944827901671,0.05151609270426816,200,37
