feature,importance
gepu,0.482700832459201
cpi_score_lag3,0.4155295455303089
crime_index,0.10176962201049011
