variable,coef_clustered,se_clustered,pvalue_clustered,coef_unclustered,se_unclustered,pvalue_unclustered
cpi_score_lag6,0.3124324388835685,0.40169832465255634,0.43838436966522387,0.3124324388835685,0.44513121977264186,0.48424479681570354
gepu,-0.017097896679427006,0.016523198754182556,0.3030614034207857,-0.017097896679427006,0.014403906762286789,0.23779561814235528
