group,coef_cpi_lag1,se_cpi_lag1,pvalue_cpi_lag1,nobs
low_crime,-0.029596316323810875,0.25080072455625096,0.9063370595061748,108
high_crime,-0.13671861360124019,0.17503979034411662,0.43651786313634244,129
