spec,lag,coef,se,pvalue,nobs
baseline,6,0.3124324388835685,0.40169832465255634,0.43838436966522387,137
exclude_2020,6,0.1422741383534201,0.3780136787575621,0.7075254463248155,117
