spec,coef_cpi_lag1,se_cpi_lag1,pvalue_cpi_lag1,nobs
baseline,-0.1134956807284397,0.14162421179397877,0.4238405672128094,237
exclude_2020,-0.001017187497800426,0.16225558734418574,0.9950048139028653,217
