lag,coef,se,pvalue,r2_within,nobs
1,-0.1134956807284397,0.14162421179397877,0.4238405672128094,0.014940243616726079,237
2,-0.11486763800941516,0.16101182656339502,0.47649034122363143,0.01482452725957184,217
3,-0.24440582544500183,0.1705144836822771,0.15364045900312484,0.018455839911858507,197
