group,lag,coef,se,pvalue,nobs
low_crime,6,-0.16845700473183373,0.5324519948008389,0.7531455807916931,63
high_crime,6,-0.0011118419635314182,0.6437719110225307,0.9986282438303102,74
